id_comunidad,id_tipo_renta,Anyo,Valor
1,1,2024,12191.0
1,1,2023,11719.0
1,1,2022,10703.0
1,1,2021,9915.0
1,1,2020,9990.0
1,1,2019,9160.0
1,1,2018,9258.0
1,1,2017,9116.0
1,1,2016,8398.0
1,1,2015,7942.0
1,1,2014,8079.0
1,1,2013,8408.0
1,1,2012,8845.0
1,1,2011,8764.0
1,1,2010,9293.0
1,1,2009,9406.0
1,1,2008,9007.0
1,2,2024,17990.0
1,2,2023,17295.0
1,2,2022,15862.0
1,2,2021,14769.0
1,2,2020,14958.0
1,2,2019,13755.0
1,2,2018,13977.0
1,2,2017,13709.0
1,2,2016,12560.0
1,2,2015,11862.0
1,2,2014,12118.0
1,2,2013,12705.0
1,2,2012,13391.0
1,2,2011,13310.0
1,2,2010,14152.0
1,2,2009,14393.0
1,2,2008,13859.0
1,3,2024,14276.0
1,3,2023,13733.0
1,3,2022,12746.0
1,3,2021,11822.0
1,3,2020,11804.0
1,3,2019,10892.0
1,3,2018,10962.0
1,3,2017,10831.0
1,3,2016,9978.0
1,3,2015,9456.0
1,3,2014,9590.0
1,3,2013,9783.0
1,3,2012,10308.0
1,3,2011,10337.0
1,3,2010,10845.0
1,3,2009,10806.0
1,3,2008,10459.0
1,4,2024,20896.0
1,4,2023,20114.0
1,4,2022,18752.0
1,4,2021,17468.0
1,4,2020,17533.0
1,4,2019,16218.0
1,4,2018,16414.0
1,4,2017,16160.0
1,4,2016,14825.0
1,4,2015,14031.0
1,4,2014,14294.0
1,4,2013,14694.0
1,4,2012,15490.0
1,4,2011,15569.0
1,4,2010,16393.0
1,4,2009,16411.0
1,4,2008,15967.0
2,1,2024,15747.0
2,1,2023,14810.0
2,1,2022,14015.0
2,1,2021,13345.0
2,1,2020,13097.0
2,1,2019,12300.0
2,1,2018,11990.0
2,1,2017,12110.0
2,1,2016,11649.0
2,1,2015,12427.0
2,1,2014,12037.0
2,1,2013,12022.0
2,1,2012,11904.0
2,1,2011,11657.0
2,1,2010,11968.0
2,1,2009,12411.0
2,1,2008,11485.0
2,2,2024,22875.0
2,2,2023,21430.0
2,2,2022,20347.0
2,2,2021,19381.0
2,2,2020,19150.0
2,2,2019,18067.0
2,2,2018,17672.0
2,2,2017,17756.0
2,2,2016,17116.0
2,2,2015,18395.0
2,2,2014,17662.0
2,2,2013,17618.0
2,2,2012,17419.0
2,2,2011,17259.0
2,2,2010,17773.0
2,2,2009,18561.0
2,2,2008,17107.0
2,3,2024,17916.0
2,3,2023,16890.0
2,3,2022,16097.0
2,3,2021,15284.0
2,3,2020,14966.0
2,3,2019,14100.0
2,3,2018,13796.0
2,3,2017,13912.0
2,3,2016,13392.0
2,3,2015,14053.0
2,3,2014,13717.0
2,3,2013,13479.0
2,3,2012,13435.0
2,3,2011,13259.0
2,3,2010,13633.0
2,3,2009,13861.0
2,3,2008,12937.0
2,4,2024,25808.0
2,4,2023,24264.0
2,4,2022,23208.0
2,4,2021,22062.0
2,4,2020,21758.0
2,4,2019,20576.0
2,4,2018,20180.0
2,4,2017,20246.0
2,4,2016,19523.0
2,4,2015,20657.0
2,4,2014,19973.0
2,4,2013,19640.0
2,4,2012,19526.0
2,4,2011,19489.0
2,4,2010,20086.0
2,4,2009,20579.0
2,4,2008,19144.0
3,1,2024,16201.0
3,1,2023,15432.0
3,1,2022,13777.0
3,1,2021,12861.0
3,1,2020,12786.0
3,1,2019,12523.0
3,1,2018,12085.0
3,1,2017,12244.0
3,1,2016,12060.0
3,1,2015,11427.0
3,1,2014,11251.0
3,1,2013,11211.0
3,1,2012,11767.0
3,1,2011,11779.0
3,1,2010,12589.0
3,1,2009,12630.0
3,1,2008,11880.0
3,2,2024,22774.0
3,2,2023,21660.0
3,2,2022,19368.0
3,2,2021,17968.0
3,2,2020,18028.0
3,2,2019,17868.0
3,2,2018,17343.0
3,2,2017,17547.0
3,2,2016,17241.0
3,2,2015,16227.0
3,2,2014,16011.0
3,2,2013,15994.0
3,2,2012,16922.0
3,2,2011,17080.0
3,2,2010,18377.0
3,2,2009,18561.0
3,2,2008,17383.0
3,3,2024,18597.0
3,3,2023,17792.0
3,3,2022,16076.0
3,3,2021,15010.0
3,3,2020,14833.0
3,3,2019,14559.0
3,3,2018,13963.0
3,3,2017,14157.0
3,3,2016,13863.0
3,3,2015,13151.0
3,3,2014,13020.0
3,3,2013,12811.0
3,3,2012,13529.0
3,3,2011,13579.0
3,3,2010,14443.0
3,3,2009,14374.0
3,3,2008,13531.0
3,4,2024,25954.0
3,4,2023,24814.0
3,4,2022,22450.0
3,4,2021,20852.0
3,4,2020,20787.0
3,4,2019,20612.0
3,4,2018,19903.0
3,4,2017,20162.0
3,4,2016,19659.0
3,4,2015,18544.0
3,4,2014,18391.0
3,4,2013,18174.0
3,4,2012,19310.0
3,4,2011,19562.0
3,4,2010,20937.0
3,4,2009,20981.0
3,4,2008,19679.0
4,1,2024,15926.0
4,1,2023,14139.0
4,1,2022,12451.0
4,1,2021,11235.0
4,1,2020,12658.0
4,1,2019,12410.0
4,1,2018,13240.0
4,1,2017,12665.0
4,1,2016,12222.0
4,1,2015,10828.0
4,1,2014,10660.0
4,1,2013,10386.0
4,1,2012,11005.0
4,1,2011,11126.0
4,1,2010,11485.0
4,1,2009,11821.0
4,1,2008,11229.0
4,2,2024,23689.0
4,2,2023,21143.0
4,2,2022,18576.0
4,2,2021,16867.0
4,2,2020,18787.0
4,2,2019,18420.0
4,2,2018,19554.0
4,2,2017,18312.0
4,2,2016,17894.0
4,2,2015,15894.0
4,2,2014,15729.0
4,2,2013,15427.0
4,2,2012,16317.0
4,2,2011,16568.0
4,2,2010,17076.0
4,2,2009,17548.0
4,2,2008,16496.0
4,3,2024,17855.0
4,3,2023,16005.0
4,3,2022,14303.0
4,3,2021,12962.0
4,3,2020,14303.0
4,3,2019,14081.0
4,3,2018,14894.0
4,3,2017,14233.0
4,3,2016,13763.0
4,3,2015,12201.0
4,3,2014,11985.0
4,3,2013,11653.0
4,3,2012,12308.0
4,3,2011,12531.0
4,3,2010,12952.0
4,3,2009,13023.0
4,3,2008,12407.0
4,4,2024,26382.0
4,4,2023,23794.0
4,4,2022,21197.0
4,4,2021,19315.0
4,4,2020,21103.0
4,4,2019,20766.0
4,4,2018,21886.0
4,4,2017,20466.0
4,4,2016,20067.0
4,4,2015,17848.0
4,4,2014,17607.0
4,4,2013,17187.0
4,4,2012,18091.0
4,4,2011,18516.0
4,4,2010,19129.0
4,4,2009,19226.0
4,4,2008,18196.0
5,1,2024,13372.0
5,1,2023,12177.0
5,1,2022,10716.0
5,1,2021,10161.0
5,1,2020,9935.0
5,1,2019,9487.0
5,1,2018,8964.0
5,1,2017,8863.0
5,1,2016,8702.0
5,1,2015,8640.0
5,1,2014,8302.0
5,1,2013,8513.0
5,1,2012,8423.0
5,1,2011,8610.0
5,1,2010,9202.0
5,1,2009,8932.0
5,1,2008,8902.0
5,2,2024,19797.0
5,2,2023,17940.0
5,2,2022,15901.0
5,2,2021,15294.0
5,2,2020,14990.0
5,2,2019,14247.0
5,2,2018,13546.0
5,2,2017,13161.0
5,2,2016,12993.0
5,2,2015,12932.0
5,2,2014,12505.0
5,2,2013,12688.0
5,2,2012,12477.0
5,2,2011,13127.0
5,2,2010,13905.0
5,2,2009,13612.0
5,2,2008,13418.0
5,3,2024,15334.0
5,3,2023,14050.0
5,3,2022,12490.0
5,3,2021,11898.0
5,3,2020,11686.0
5,3,2019,11298.0
5,3,2018,10736.0
5,3,2017,10540.0
5,3,2016,10313.0
5,3,2015,10110.0
5,3,2014,9884.0
5,3,2013,9934.0
5,3,2012,9954.0
5,3,2011,10100.0
5,3,2010,10781.0
5,3,2009,10365.0
5,3,2008,10333.0
5,4,2024,22560.0
5,4,2023,20537.0
5,4,2022,18385.0
5,4,2021,17756.0
5,4,2020,17452.0
5,4,2019,16797.0
5,4,2018,16039.0
5,4,2017,15563.0
5,4,2016,15282.0
5,4,2015,15035.0
5,4,2014,14763.0
5,4,2013,14711.0
5,4,2012,14661.0
5,4,2011,15254.0
5,4,2010,16147.0
5,4,2009,15629.0
5,4,2008,15474.0
6,1,2024,14708.0
6,1,2023,14162.0
6,1,2022,13811.0
6,1,2021,12848.0
6,1,2020,12748.0
6,1,2019,12205.0
6,1,2018,11239.0
6,1,2017,11293.0
6,1,2016,10670.0
6,1,2015,10494.0
6,1,2014,9824.0
6,1,2013,9843.0
6,1,2012,10388.0
6,1,2011,10495.0
6,1,2010,11083.0
6,1,2009,12184.0
6,1,2008,11232.0
6,2,2024,21320.0
6,2,2023,20495.0
6,2,2022,19974.0
6,2,2021,18659.0
6,2,2020,18578.0
6,2,2019,17742.0
6,2,2018,16400.0
6,2,2017,16199.0
6,2,2016,15484.0
6,2,2015,15159.0
6,2,2014,14137.0
6,2,2013,14426.0
6,2,2012,15211.0
6,2,2011,15447.0
6,2,2010,16456.0
6,2,2009,18108.0
6,2,2008,16727.0
6,3,2024,16913.0
6,3,2023,16323.0
6,3,2022,15945.0
6,3,2021,14829.0
6,3,2020,14688.0
6,3,2019,14250.0
6,3,2018,13166.0
6,3,2017,13212.0
6,3,2016,12398.0
6,3,2015,12147.0
6,3,2014,11468.0
6,3,2013,11480.0
6,3,2012,12112.0
6,3,2011,12238.0
6,3,2010,12851.0
6,3,2009,13646.0
6,3,2008,12728.0
6,4,2024,24318.0
6,4,2023,23447.0
6,4,2022,22905.0
6,4,2021,21376.0
6,4,2020,21238.0
6,4,2019,20519.0
6,4,2018,19051.0
6,4,2017,18822.0
6,4,2016,17859.0
6,4,2015,17404.0
6,4,2014,16382.0
6,4,2013,16665.0
6,4,2012,17561.0
6,4,2011,17890.0
6,4,2010,18911.0
6,4,2009,20141.0
6,4,2008,18845.0
7,1,2024,14940.0
7,1,2023,14124.0
7,1,2022,13323.0
7,1,2021,12656.0
7,1,2020,12697.0
7,1,2019,12003.0
7,1,2018,11949.0
7,1,2017,11239.0
7,1,2016,10815.0
7,1,2015,10570.0
7,1,2014,10406.0
7,1,2013,10760.0
7,1,2012,10855.0
7,1,2011,10841.0
7,1,2010,10946.0
7,1,2009,11147.0
7,1,2008,10488.0
7,2,2024,21166.0
7,2,2023,20109.0
7,2,2022,19117.0
7,2,2021,18181.0
7,2,2020,18284.0
7,2,2019,17233.0
7,2,2018,17264.0
7,2,2017,16300.0
7,2,2016,15645.0
7,2,2015,15284.0
7,2,2014,15080.0
7,2,2013,15743.0
7,2,2012,15909.0
7,2,2011,15918.0
7,2,2010,16100.0
7,2,2009,16415.0
7,2,2008,15533.0
7,3,2024,17185.0
7,3,2023,16277.0
7,3,2022,15446.0
7,3,2021,14694.0
7,3,2020,14664.0
7,3,2019,13858.0
7,3,2018,13804.0
7,3,2017,13042.0
7,3,2016,12545.0
7,3,2015,12303.0
7,3,2014,12097.0
7,3,2013,12235.0
7,3,2012,12339.0
7,3,2011,12454.0
7,3,2010,12546.0
7,3,2009,12579.0
7,3,2008,11880.0
7,4,2024,24116.0
7,4,2023,22998.0
7,4,2022,21970.0
7,4,2021,20933.0
7,4,2020,20945.0
7,4,2019,19754.0
7,4,2018,19788.0
7,4,2017,18757.0
7,4,2016,18003.0
7,4,2015,17650.0
7,4,2014,17387.0
7,4,2013,17781.0
7,4,2012,17951.0
7,4,2011,18147.0
7,4,2010,18316.0
7,4,2009,18384.0
7,4,2008,17468.0
8,1,2024,12357.0
8,1,2023,11913.0
8,1,2022,11037.0
8,1,2021,10257.0
8,1,2020,10485.0
8,1,2019,9715.0
8,1,2018,9533.0
8,1,2017,9045.0
8,1,2016,8731.0
8,1,2015,8498.0
8,1,2014,8545.0
8,1,2013,8425.0
8,1,2012,8878.0
8,1,2011,9105.0
8,1,2010,9892.0
8,1,2009,9631.0
8,1,2008,9064.0
8,2,2024,18219.0
8,2,2023,17634.0
8,2,2022,16404.0
8,2,2021,15350.0
8,2,2020,15802.0
8,2,2019,14505.0
8,2,2018,14305.0
8,2,2017,13604.0
8,2,2016,13106.0
8,2,2015,12725.0
8,2,2014,12824.0
8,2,2013,12673.0
8,2,2012,13307.0
8,2,2011,13720.0
8,2,2010,15130.0
8,2,2009,14712.0
8,2,2008,13898.0
8,3,2024,14258.0
8,3,2023,13765.0
8,3,2022,12920.0
8,3,2021,12038.0
8,3,2020,12159.0
8,3,2019,11298.0
8,3,2018,11040.0
8,3,2017,10567.0
8,3,2016,10175.0
8,3,2015,9922.0
8,3,2014,9970.0
8,3,2013,9666.0
8,3,2012,10129.0
8,3,2011,10523.0
8,3,2010,11227.0
8,3,2009,10750.0
8,3,2008,10251.0
8,4,2024,20841.0
8,4,2023,20224.0
8,4,2022,19056.0
8,4,2021,17869.0
8,4,2020,18162.0
8,4,2019,16754.0
8,4,2018,16452.0
8,4,2017,15762.0
8,4,2016,15148.0
8,4,2015,14746.0
8,4,2014,14836.0
8,4,2013,14446.0
8,4,2012,15094.0
8,4,2011,15764.0
8,4,2010,17067.0
8,4,2009,16323.0
8,4,2008,15623.0
9,1,2024,16546.0
9,1,2023,15830.0
9,1,2022,14692.0
9,1,2021,14159.0
9,1,2020,14170.0
9,1,2019,13527.0
9,1,2018,13338.0
9,1,2017,12712.0
9,1,2016,12660.0
9,1,2015,12283.0
9,1,2014,12205.0
9,1,2013,12111.0
9,1,2012,12199.0
9,1,2011,12209.0
9,1,2010,12890.0
9,1,2009,12733.0
9,1,2008,12436.0
9,2,2024,24412.0
9,2,2023,23269.0
9,2,2022,21637.0
9,2,2021,20927.0
9,2,2020,20872.0
9,2,2019,20049.0
9,2,2018,19791.0
9,2,2017,18957.0
9,2,2016,18828.0
9,2,2015,18236.0
9,2,2014,18104.0
9,2,2013,17883.0
9,2,2012,18136.0
9,2,2011,18170.0
9,2,2010,19239.0
9,2,2009,18978.0
9,2,2008,18566.0
9,3,2024,18563.0
9,3,2023,17957.0
9,3,2022,16741.0
9,3,2021,16168.0
9,3,2020,16105.0
9,3,2019,15372.0
9,3,2018,15190.0
9,3,2017,14481.0
9,3,2016,14299.0
9,3,2015,13813.0
9,3,2014,13847.0
9,3,2013,13568.0
9,3,2012,13708.0
9,3,2011,13776.0
9,3,2010,14553.0
9,3,2009,14223.0
9,3,2008,13954.0
9,4,2024,27200.0
9,4,2023,26199.0
9,4,2022,24483.0
9,4,2021,23729.0
9,4,2020,23576.0
9,4,2019,22630.0
9,4,2018,22382.0
9,4,2017,21429.0
9,4,2016,21108.0
9,4,2015,20364.0
9,4,2014,20374.0
9,4,2013,19903.0
9,4,2012,20228.0
9,4,2011,20390.0
9,4,2010,21574.0
9,4,2009,21059.0
9,4,2008,20691.0
10,1,2024,13374.0
10,1,2023,12805.0
10,1,2022,11876.0
10,1,2021,11237.0
10,1,2020,11332.0
10,1,2019,10611.0
10,1,2018,10232.0
10,1,2017,9801.0
10,1,2016,9265.0
10,1,2015,9098.0
10,1,2014,9144.0
10,1,2013,9375.0
10,1,2012,9965.0
10,1,2011,10236.0
10,1,2010,10555.0
10,1,2009,10502.0
10,1,2008,9864.0
10,2,2024,19574.0
10,2,2023,18752.0
10,2,2022,17444.0
10,2,2021,16474.0
10,2,2020,16518.0
10,2,2019,15582.0
10,2,2018,15038.0
10,2,2017,14365.0
10,2,2016,13589.0
10,2,2015,13305.0
10,2,2014,13446.0
10,2,2013,13881.0
10,2,2012,14864.0
10,2,2011,15344.0
10,2,2010,15780.0
10,2,2009,15703.0
10,2,2008,14796.0
10,3,2024,15523.0
10,3,2023,14937.0
10,3,2022,13984.0
10,3,2021,13246.0
10,3,2020,13254.0
10,3,2019,12438.0
10,3,2018,11937.0
10,3,2017,11468.0
10,3,2016,10809.0
10,3,2015,10617.0
10,3,2014,10685.0
10,3,2013,10877.0
10,3,2012,11528.0
10,3,2011,11941.0
10,3,2010,12335.0
10,3,2009,12066.0
10,3,2008,11472.0
10,4,2024,22532.0
10,4,2023,21697.0
10,4,2022,20357.0
10,4,2021,19256.0
10,4,2020,19185.0
10,4,2019,18115.0
10,4,2018,17408.0
10,4,2017,16669.0
10,4,2016,15731.0
10,4,2015,15407.0
10,4,2014,15576.0
10,4,2013,15974.0
10,4,2012,17051.0
10,4,2011,17743.0
10,4,2010,18286.0
10,4,2009,17897.0
10,4,2008,17073.0
11,1,2024,12421.0
11,1,2023,11363.0
11,1,2022,10133.0
11,1,2021,9500.0
11,1,2020,9147.0
11,1,2019,8796.0
11,1,2018,8503.0
11,1,2017,8250.0
11,1,2016,8674.0
11,1,2015,8469.0
11,1,2014,7729.0
11,1,2013,8224.0
11,1,2012,8238.0
11,1,2011,8725.0
11,1,2010,8897.0
11,1,2009,9028.0
11,1,2008,8107.0
11,2,2024,18050.0
11,2,2023,16493.0
11,2,2022,14843.0
11,2,2021,13908.0
11,2,2020,13297.0
11,2,2019,12816.0
11,2,2018,12376.0
11,2,2017,12006.0
11,2,2016,12775.0
11,2,2015,12421.0
11,2,2014,11345.0
11,2,2013,12139.0
11,2,2012,12281.0
11,2,2011,13151.0
11,2,2010,13509.0
11,2,2009,13833.0
11,2,2008,12484.0
11,3,2024,14399.0
11,3,2023,13273.0
11,3,2022,12092.0
11,3,2021,11387.0
11,3,2020,10879.0
11,3,2019,10447.0
11,3,2018,10092.0
11,3,2017,9860.0
11,3,2016,10176.0
11,3,2015,9977.0
11,3,2014,9203.0
11,3,2013,9557.0
11,3,2012,9522.0
11,3,2011,10062.0
11,3,2010,10229.0
11,3,2009,10183.0
11,3,2008,9260.0
11,4,2024,20761.0
11,4,2023,19131.0
11,4,2022,17568.0
11,4,2021,16526.0
11,4,2020,15697.0
11,4,2019,15125.0
11,4,2018,14576.0
11,4,2017,14244.0
11,4,2016,14859.0
11,4,2015,14512.0
11,4,2014,13391.0
11,4,2013,14025.0
11,4,2012,14102.0
11,4,2011,15044.0
11,4,2010,15396.0
11,4,2009,15481.0
11,4,2008,14131.0
12,1,2024,14558.0
12,1,2023,13147.0
12,1,2022,12352.0
12,1,2021,11453.0
12,1,2020,11469.0
12,1,2019,11218.0
12,1,2018,11239.0
12,1,2017,10753.0
12,1,2016,10439.0
12,1,2015,10212.0
12,1,2014,10235.0
12,1,2013,10106.0
12,1,2012,10266.0
12,1,2011,10370.0
12,1,2010,10504.0
12,1,2009,10026.0
12,1,2008,9482.0
12,2,2024,21360.0
12,2,2023,19152.0
12,2,2022,18093.0
12,2,2021,16785.0
12,2,2020,16757.0
12,2,2019,16621.0
12,2,2018,16758.0
12,2,2017,15880.0
12,2,2016,15428.0
12,2,2015,15133.0
12,2,2014,15273.0
12,2,2013,15037.0
12,2,2012,15333.0
12,2,2011,15450.0
12,2,2010,15764.0
12,2,2009,15113.0
12,2,2008,14374.0
12,3,2024,16717.0
12,3,2023,15262.0
12,3,2022,14427.0
12,3,2021,13465.0
12,3,2020,13445.0
12,3,2019,13119.0
12,3,2018,13067.0
12,3,2017,12510.0
12,3,2016,12100.0
12,3,2015,11810.0
12,3,2014,11868.0
12,3,2013,11535.0
12,3,2012,11764.0
12,3,2011,11951.0
12,3,2010,12117.0
12,3,2009,11473.0
12,3,2008,10949.0
12,4,2024,24301.0
12,4,2023,22034.0
12,4,2022,20951.0
12,4,2021,19565.0
12,4,2020,19489.0
12,4,2019,19273.0
12,4,2018,19306.0
12,4,2017,18329.0
12,4,2016,17756.0
12,4,2015,17355.0
12,4,2014,17554.0
12,4,2013,17051.0
12,4,2012,17447.0
12,4,2011,17700.0
12,4,2010,18056.0
12,4,2009,17166.0
12,4,2008,16468.0
13,1,2024,17275.0
13,1,2023,16817.0
13,1,2022,15695.0
13,1,2021,14836.0
13,1,2020,14580.0
13,1,2019,14199.0
13,1,2018,13279.0
13,1,2017,13099.0
13,1,2016,12647.0
13,1,2015,12534.0
13,1,2014,12597.0
13,1,2013,12823.0
13,1,2012,13155.0
13,1,2011,13192.0
13,1,2010,13436.0
13,1,2009,13564.0
13,1,2008,12496.0
13,2,2024,25712.0
13,2,2023,24991.0
13,2,2022,23338.0
13,2,2021,21990.0
13,2,2020,21429.0
13,2,2019,21030.0
13,2,2018,19648.0
13,2,2017,19314.0
13,2,2016,18709.0
13,2,2015,18593.0
13,2,2014,18789.0
13,2,2013,19124.0
13,2,2012,19902.0
13,2,2011,19984.0
13,2,2010,20128.0
13,2,2009,20597.0
13,2,2008,18941.0
13,3,2024,19459.0
13,3,2023,19041.0
13,3,2022,17928.0
13,3,2021,16985.0
13,3,2020,16702.0
13,3,2019,16340.0
13,3,2018,15296.0
13,3,2017,15000.0
13,3,2016,14343.0
13,3,2015,14191.0
13,3,2014,14433.0
13,3,2013,14403.0
13,3,2012,14833.0
13,3,2011,15029.0
13,3,2010,15254.0
13,3,2009,15226.0
13,3,2008,14190.0
13,4,2024,28740.0
13,4,2023,28077.0
13,4,2022,26470.0
13,4,2021,25000.0
13,4,2020,24406.0
13,4,2019,24036.0
13,4,2018,22485.0
13,4,2017,21962.0
13,4,2016,21076.0
13,4,2015,20920.0
13,4,2014,21340.0
13,4,2013,21327.0
13,4,2012,22255.0
13,4,2011,22579.0
13,4,2010,22676.0
13,4,2009,22959.0
13,4,2008,21330.0
14,1,2024,11967.0
14,1,2023,11314.0
14,1,2022,10632.0
14,1,2021,9931.0
14,1,2020,9850.0
14,1,2019,8956.0
14,1,2018,9111.0
14,1,2017,8702.0
14,1,2016,8273.0
14,1,2015,7924.0
14,1,2014,7767.0
14,1,2013,8253.0
14,1,2012,8474.0
14,1,2011,8437.0
14,1,2010,8818.0
14,1,2009,9150.0
14,1,2008,9119.0
14,2,2024,18111.0
14,2,2023,17069.0
14,2,2022,16128.0
14,2,2021,14988.0
14,2,2020,14921.0
14,2,2019,13637.0
14,2,2018,14041.0
14,2,2017,13324.0
14,2,2016,12635.0
14,2,2015,11993.0
14,2,2014,11715.0
14,2,2013,12487.0
14,2,2012,12891.0
14,2,2011,13022.0
14,2,2010,13574.0
14,2,2009,14139.0
14,2,2008,14147.0
14,3,2024,13808.0
14,3,2023,13182.0
14,3,2022,12483.0
14,3,2021,11632.0
14,3,2020,11616.0
14,3,2019,10638.0
14,3,2018,10708.0
14,3,2017,10301.0
14,3,2016,9726.0
14,3,2015,9353.0
14,3,2014,9176.0
14,3,2013,9489.0
14,3,2012,9727.0
14,3,2011,9743.0
14,3,2010,10131.0
14,3,2009,10326.0
14,3,2008,10375.0
14,4,2024,20725.0
14,4,2023,19718.0
14,4,2022,18758.0
14,4,2021,17414.0
14,4,2020,17459.0
14,4,2019,16043.0
14,4,2018,16369.0
14,4,2017,15620.0
14,4,2016,14733.0
14,4,2015,14048.0
14,4,2014,13757.0
14,4,2013,14284.0
14,4,2012,14683.0
14,4,2011,14938.0
14,4,2010,15482.0
14,4,2009,15859.0
14,4,2008,15981.0
15,1,2024,17253.0
15,1,2023,16599.0
15,1,2022,15970.0
15,1,2021,15269.0
15,1,2020,15094.0
15,1,2019,13937.0
15,1,2018,13585.0
15,1,2017,13583.0
15,1,2016,13408.0
15,1,2015,13300.0
15,1,2014,13221.0
15,1,2013,13608.0
15,1,2012,14041.0
15,1,2011,14301.0
15,1,2010,14276.0
15,1,2009,14175.0
15,1,2008,13123.0
15,2,2024,25285.0
15,2,2023,24495.0
15,2,2022,23578.0
15,2,2021,22786.0
15,2,2020,22391.0
15,2,2019,20697.0
15,2,2018,20094.0
15,2,2017,20022.0
15,2,2016,19697.0
15,2,2015,19715.0
15,2,2014,19550.0
15,2,2013,20191.0
15,2,2012,20918.0
15,2,2011,21404.0
15,2,2010,21393.0
15,2,2009,21318.0
15,2,2008,19907.0
15,3,2024,19348.0
15,3,2023,18711.0
15,3,2022,18053.0
15,3,2021,17247.0
15,3,2020,17017.0
15,3,2019,15786.0
15,3,2018,15421.0
15,3,2017,15411.0
15,3,2016,15165.0
15,3,2015,14929.0
15,3,2014,14862.0
15,3,2013,15200.0
15,3,2012,15609.0
15,3,2011,15931.0
15,3,2010,15869.0
15,3,2009,15570.0
15,3,2008,14491.0
15,4,2024,28156.0
15,4,2023,27425.0
15,4,2022,26496.0
15,4,2021,25556.0
15,4,2020,25077.0
15,4,2019,23260.0
15,4,2018,22658.0
15,4,2017,22554.0
15,4,2016,22123.0
15,4,2015,21979.0
15,4,2014,21814.0
15,4,2013,22421.0
15,4,2012,23108.0
15,4,2011,23749.0
15,4,2010,23637.0
15,4,2009,23274.0
15,4,2008,21845.0
16,1,2024,19078.0
16,1,2023,18189.0
16,1,2022,16427.0
16,1,2021,15544.0
16,1,2020,15813.0
16,1,2019,15300.0
16,1,2018,14722.0
16,1,2017,14397.0
16,1,2016,14345.0
16,1,2015,13836.0
16,1,2014,14281.0
16,1,2013,14312.0
16,1,2012,13857.0
16,1,2011,14046.0
16,1,2010,14468.0
16,1,2009,14838.0
16,1,2008,14038.0
16,2,2024,27537.0
16,2,2023,26298.0
16,2,2022,23886.0
16,2,2021,22658.0
16,2,2020,23174.0
16,2,2019,22480.0
16,2,2018,21760.0
16,2,2017,21198.0
16,2,2016,21058.0
16,2,2015,20264.0
16,2,2014,20957.0
16,2,2013,20955.0
16,2,2012,20474.0
16,2,2011,20834.0
16,2,2010,21484.0
16,2,2009,22138.0
16,2,2008,20887.0
16,3,2024,21622.0
16,3,2023,20685.0
16,3,2022,18899.0
16,3,2021,17943.0
16,3,2020,18091.0
16,3,2019,17648.0
16,3,2018,16993.0
16,3,2017,16660.0
16,3,2016,16411.0
16,3,2015,15793.0
16,3,2014,16390.0
16,3,2013,16206.0
16,3,2012,15871.0
16,3,2011,16063.0
16,3,2010,16488.0
16,3,2009,16625.0
16,3,2008,15886.0
16,4,2024,30964.0
16,4,2023,29682.0
16,4,2022,27288.0
16,4,2021,25959.0
16,4,2020,26340.0
16,4,2019,25729.0
16,4,2018,24912.0
16,4,2017,24330.0
16,4,2016,23911.0
16,4,2015,22970.0
16,4,2014,23861.0
16,4,2013,23584.0
16,4,2012,23258.0
16,4,2011,23684.0
16,4,2010,24287.0
16,4,2009,24661.0
16,4,2008,23517.0
17,1,2024,14529.0
17,1,2023,14184.0
17,1,2022,13538.0
17,1,2021,12913.0
17,1,2020,13504.0
17,1,2019,12697.0
17,1,2018,12029.0
17,1,2017,12131.0
17,1,2016,11589.0
17,1,2015,11132.0
17,1,2014,11120.0
17,1,2013,10686.0
17,1,2012,11270.0
17,1,2011,10712.0
17,1,2010,10756.0
17,1,2009,11387.0
17,1,2008,10916.0
17,2,2024,20901.0
17,2,2023,20687.0
17,2,2022,19819.0
17,2,2021,18758.0
17,2,2020,19698.0
17,2,2019,18661.0
17,2,2018,17490.0
17,2,2017,17801.0
17,2,2016,16933.0
17,2,2015,16295.0
17,2,2014,16090.0
17,2,2013,15321.0
17,2,2012,16102.0
17,2,2011,15517.0
17,2,2010,15769.0
17,2,2009,16447.0
17,2,2008,15917.0
17,3,2024,16718.0
17,3,2023,16332.0
17,3,2022,15653.0
17,3,2021,14845.0
17,3,2020,15381.0
17,3,2019,14542.0
17,3,2018,13841.0
17,3,2017,13875.0
17,3,2016,13221.0
17,3,2015,12741.0
17,3,2014,12838.0
17,3,2013,12245.0
17,3,2012,12831.0
17,3,2011,12327.0
17,3,2010,12388.0
17,3,2009,12785.0
17,3,2008,12282.0
17,4,2024,23855.0
17,4,2023,23613.0
17,4,2022,22719.0
17,4,2021,21411.0
17,4,2020,22284.0
17,4,2019,21187.0
17,4,2018,19973.0
17,4,2017,20171.0
17,4,2016,19172.0
17,4,2015,18514.0
17,4,2014,18432.0
17,4,2013,17437.0
17,4,2012,18219.0
17,4,2011,17748.0
17,4,2010,18010.0
17,4,2009,18367.0
17,4,2008,17791.0
18,1,2024,13403.0
18,1,2023,13421.0
18,1,2022,12152.0
18,1,2021,10397.0
18,1,2020,9853.0
18,1,2019,10164.0
18,1,2018,9784.0
18,1,2017,9676.0
18,1,2016,9435.0
18,1,2015,8512.0
18,1,2014,8712.0
18,1,2013,9336.0
18,1,2012,9990.0
18,1,2011,10030.0
18,1,2010,9616.0
18,1,2009,8702.0
18,1,2008,8047.0
18,2,2024,20803.0
18,2,2023,20670.0
18,2,2022,18864.0
18,2,2021,16159.0
18,2,2020,15058.0
18,2,2019,16059.0
18,2,2018,14991.0
18,2,2017,15075.0
18,2,2016,14858.0
18,2,2015,13362.0
18,2,2014,13758.0
18,2,2013,14686.0
18,2,2012,15511.0
18,2,2011,16208.0
18,2,2010,15332.0
18,2,2009,14261.0
18,2,2008,13458.0
18,3,2024,15190.0
18,3,2023,15276.0
18,3,2022,13905.0
18,3,2021,12167.0
18,3,2020,11645.0
18,3,2019,11928.0
18,3,2018,11518.0
18,3,2017,11172.0
18,3,2016,10918.0
18,3,2015,9877.0
18,3,2014,10091.0
18,3,2013,10676.0
18,3,2012,11413.0
18,3,2011,11307.0
18,3,2010,10988.0
18,3,2009,10184.0
18,3,2008,9224.0
18,4,2024,23473.0
18,4,2023,23456.0
18,4,2022,21534.0
18,4,2021,18822.0
18,4,2020,17742.0
18,4,2019,18733.0
18,4,2018,17530.0
18,4,2017,17384.0
18,4,2016,17124.0
18,4,2015,15489.0
18,4,2014,15923.0
18,4,2013,16728.0
18,4,2012,17689.0
18,4,2011,18249.0
18,4,2010,17487.0
18,4,2009,16602.0
18,4,2008,15330.0
19,1,2024,12745.0
19,1,2023,13854.0
19,1,2022,13089.0
19,1,2021,12012.0
19,1,2020,11427.0
19,1,2019,11733.0
19,1,2018,12507.0
19,1,2017,10161.0
19,1,2016,10883.0
19,1,2015,10027.0
19,1,2014,11619.0
19,1,2013,11313.0
19,1,2012,11761.0
19,1,2011,11981.0
19,1,2010,11459.0
19,1,2009,11048.0
19,1,2008,11065.0
19,2,2024,19431.0
19,2,2023,20825.0
19,2,2022,19849.0
19,2,2021,18259.0
19,2,2020,18214.0
19,2,2019,18003.0
19,2,2018,19500.0
19,2,2017,16453.0
19,2,2016,17349.0
19,2,2015,15937.0
19,2,2014,18073.0
19,2,2013,17898.0
19,2,2012,19011.0
19,2,2011,18278.0
19,2,2010,18259.0
19,2,2009,17120.0
19,2,2008,17420.0
19,3,2024,14558.0
19,3,2023,15780.0
19,3,2022,14744.0
19,3,2021,13577.0
19,3,2020,13067.0
19,3,2019,13185.0
19,3,2018,13962.0
19,3,2017,11601.0
19,3,2016,12256.0
19,3,2015,11357.0
19,3,2014,13052.0
19,3,2013,12564.0
19,3,2012,12867.0
19,3,2011,13346.0
19,3,2010,12839.0
19,3,2009,12373.0
19,3,2008,12404.0
19,4,2024,22049.0
19,4,2023,23584.0
19,4,2022,22300.0
19,4,2021,20667.0
19,4,2020,20786.0
19,4,2019,20272.0
19,4,2018,21767.0
19,4,2017,18686.0
19,4,2016,19482.0
19,4,2015,17981.0
19,4,2014,20240.0
19,4,2013,19814.0
19,4,2012,20681.0
19,4,2011,20339.0
19,4,2010,20418.0
19,4,2009,19197.0
19,4,2008,19482.0
